INSERT INTO users (name, username, email, password, state, type) VALUES
('Lydie Priestnall',    'lpriestnall0',     'lpriestnall0@furl.net',        '6a79b51fec89db977e62d3b5aee3ea8b9de93cabf2446aae7d6f517db6d16178', 'active',   'admin'), -- pass: cashier
('Ted Soan',            'tsoan1',           'tsoan1@miitbeian.gov.cn',      'cc690ddfa30148760bb86d3a2992bdd802e9cee55bd84b2674b0f8cc9ce4355b', 'active',   'admin'), -- pass: blue_potato
('Marietta Walls',      'mwalls2',          'mwalls2@answers.com',          '650e9595236154547665929c8ff6c06a4e1f89bb63797649b3cfc5337d075be8', 'active',   'user'), -- pass: muffins
('Ward Di Carlo',       'wdicarlo3',        'wdicarlo3@apple.com',           '17bfb20e0f7b3a7ebd896e192d4d137efd5bd4f5bd5759ff36023aed3f792bba', 'active',   'user'), -- pass: Amir94
('Allix Fyndon',        'afyndon4',         'afyndon4@canalblog.com',       '23c267883e7451541c151c0b66f6fbf90ff451f2e6707baccbb344c6f256ec23', 'inactive', 'user'), -- pass: Trystan91
('Hardy Tommei',        'htommei5',         'htommei5@pen.io',              '366c1ab53781381b00b2316f0276c23170a3252b8825902cff6e2f275bce4ec9', 'active',   'user'), -- pass: Rogelio59
('Valentijn Thome',     'vthome6',          'vthome6@indiatimes.com',       'd26cdc46e372a8f5c0b5eae54b00c3f3f98bcdd1cab881c4c62e32be6df8f50b', 'inactive', 'user'), -- pass: Cyril76
('Fitzgerald Jeannot',  'fjeannot7',        'fjeannot7@ezinearticles.com',  '2013f5bfb6f0a911ad711c8d9db0086bb1d6345f0afc3ee3ef913013895b1bc3', 'active',   'user'), -- pass: LondonMante32
('Cookie Dawltrey',     'cdawltrey8',       'cdawltrey8@acirename.com',     '5f9586436b4864554d11ee30d88081539bb91ebdfd04843b733ffd9d5da42872', 'active',   'user'), -- pass: Krystal_Bashirian37
('Gwennie Whithorn',    'gwhithorn9',       'gwhithorn9@unesco.org',        '71e53c554ca63ac953b0b97ea54bf91c3630c118acd82e34fe00b6bbcd4c835a', 'inactive', 'user'), -- pass: Jerad22
('Sibyl Ville',         'svillea',          'svillea@cisco.com',            'c1d065a4dd8b4f74d5b7b19eb6508f41c51970637041e94517f7c83b28c3c306', 'active',   'user'), -- pass: Asia86
('Rea Calloway',        'rcallowayb',       'rcallowayb@google.ru',         'fed5a1bfc7b59c96145089c5ae7f4333c1a78d4ffbb1d00ee26a71291526bf10', 'active',   'user'), -- pass: Jovanyey64
('Nichole Bryan',       'nbryanc',          'nbryanc@dagondesign.com',      'c1bf79d603cca8b0da6e94228ad3805d74a252194951f87fbc9a4f165791e363', 'inactive', 'user'), -- pass: Beattel85
('Theresina Teffrey',   'tteffreyd',        'tteffreyd@admin.ch',           'bfc9601f779eb4a270449c214d75989c46bed313c72c8abf5645fa7ebbef4975', 'active',   'user'), -- pass: AntonOConner
('Saraann Brittoner',   'sbrittonere',      'sbrittonere@nsw.gov.au',       'b8473abb692651f36d89c2c5d52b06f8ed7bfa763fd096e9cdde910bbaafa3b4', 'inactive', 'user'), -- pass: JessBrakus14
('Nobe Yateman',        'nyatemanf',        'nyatemanf@contact.com',        'fa3234cdc1528d2d6652630d1d500f958b57c8d97fc170974a857fb2784e6a03', 'active',   'user'), -- pass: Burley17
('Dianna Marder',       'dmarderg',         'dmarderg@army.mil',            '10baba723a94b7622f5384aa2ad0a642ade72e1b9e79e0332315344baf31d7f4', 'inactive', 'user'), -- pass: Sonyaa_
('Hobie Alston',        'halstonh',         'halstonh@ebay.com',            '05100dfd002ca61d5c0fed99ead5799c0588d112d6d38c28913805020cbb4b7b', 'active',   'user'), -- pass: Towne63
('Deanne Sollis',       'dsollisi',         'dsollisi@nytimes.com',         'd243b15c759c18f40a3885ae065cf67f3845e3dcc31c0d9676d69021e5e1fad3', 'active',   'user'), -- pass: Travis59
('Robinett Beamish',    'rbeamishj',        'rbeamishj@nps.gov',            'b56ad9d7372fedf9bea25159baec09b9ebebdf33872713203dc92dd7ba1e2b9f', 'inactive', 'user'), -- pass: William_Brakus
('Ada Fillon',          'afillonk',         'afillonk@xinhuanet.com',       '0fe288962c869d21d665aeb7ef61bf0464d6ea2b93504a98f24c6fcc10034fd5', 'active',   'user'), -- pass: Demond14
('Josepha Pickaver',    'jpickaverl',       'jpickaverl@baidu.com',         '9de14bafded0f087b44f078201c8324b018073c914b12650650bec2a7332e85e', 'active',   'user'), -- pass: Brenda70
('Arnold Letcher',      'aletcherm',        'aletcherm@twitpic.com',        '0be7368acb9e3d79ae8a0534ba18b411bd3a3fae0d2d4f94007385f0a9db2c38', 'active',   'user'), -- pass: Maude29
('Paige Jankovsky',     'pjankovskyn',      'pjankovskyn@skyrock.com',      'cea70552116071b4ea769c41150f7f76c0e7673bfd6dc62453d507e41af9b529', 'active',   'user'); -- pass: tomate


INSERT INTO publishers (user_id) VALUES (3), (4), (5), (8), (12), (13), (17);


INSERT INTO posts (publisher_id, title, start_date, start_time, end_date, end_time, capacity, location, description, url) VALUES
(3, 'Tech Innovators Convention', '2024-10-15', '09:00:00', '2024-10-15', '17:00:00', 500, 'Tech Hub Arena', 'A gathering of the brightest minds in technology to discuss the latest innovations and trends.', 'http://example.com/tech-innovators'),
(4, 'Annual Music Festival', '2024-11-10', '12:00:00', '2024-11-12', '22:00:00', 1000, 'Green Valley Park', 'A three-day festival featuring performances by top artists across various genres.', 'http://example.com/music-festival'),
(3, 'Regional Chess Tournament', '2024-09-22', '08:00:00', '2024-09-22', '18:00:00', 200, 'Chess Club Hall', 'A competitive chess tournament for players of all skill levels in the region.', 'http://example.com/chess-tournament'),
(4, 'Startup Pitch Competition', '2024-10-18', '10:00:00', '2024-10-18', '16:00:00', 150, 'Innovation Center', 'Aspiring entrepreneurs present their startup ideas to a panel of investors.', 'http://example.com/pitch-competition'),
(5, 'Art & Design Presentation', '2024-09-29', '14:00:00', '2024-09-29', '17:00:00', 300, 'City Art Gallery', 'An exhibition and presentation on contemporary art and design trends.', 'http://example.com/art-design'),

(8, 'Healthcare Professionals Conference', '2024-12-03', '09:00:00', '2024-12-04', '17:00:00', 400, 'Medical Symposium Hall', 'A conference for healthcare professionals to discuss the future of medical technology and patient care.', 'http://example.com/healthcare-conference'),
(8, 'Community Outreach Meeting', '2024-11-05', '18:00:00', '2024-11-05', '20:00:00', 100, 'Community Center', 'An open meeting to discuss upcoming community initiatives and projects.', 'http://example.com/community-meeting'),
(12, 'Rock Legends Concert', '2024-11-20', '19:00:00', '2024-11-20', '23:00:00', 1500, 'Grand Stage Arena', 'A live concert featuring some of the biggest names in rock music.', 'http://example.com/rock-legends'),
(12, 'City Parade', '2024-12-15', '10:00:00', '2024-12-15', '13:00:00', 5000, 'Main Street', 'An annual parade celebrating the cultural diversity and heritage of the city.', 'http://example.com/city-parade'),
(13, 'Film Directors Showcase', '2024-10-25', '17:00:00', '2024-10-25', '20:00:00', 250, 'Downtown Cinema', 'An exclusive showcase of short films by up-and-coming film directors.', 'http://example.com/film-showcase'),

(4, 'eSports Championship Finals', '2024-11-25', '10:00:00', '2024-11-25', '20:00:00', 800, 'eSports Arena', 'The grand finals of the national eSports championship, featuring top players from around the country.', 'http://example.com/esports-finals'),
(17, 'Environmental Conservation Conference', '2024-10-12', '09:00:00', '2024-10-13', '16:00:00', 600, 'EcoForum Center', 'A two-day conference focused on environmental sustainability and conservation efforts.', 'http://example.com/environment-conference'),
(13, 'Science & Technology Exhibition', '2024-09-30', '10:00:00', '2024-09-30', '16:00:00', 400, 'Expo Hall 3', 'An exhibition showcasing the latest advancements in science and technology.', 'http://example.com/science-tech-expo'),
(17, 'Youth Basketball Tournament', '2024-12-05', '08:00:00', '2024-12-05', '18:00:00', 300, 'Sports Complex', 'A competitive basketball tournament for youth teams from local schools.', 'http://example.com/basketball-tournament'),
(4, 'Historical Literature Presentation', '2024-09-18', '15:00:00', '2024-09-18', '17:00:00', 150, 'National Library Auditorium', 'A presentation on the impact of historical events on modern literature.', 'http://example.com/lit-presentation'),

(5, 'Charity Fundraising Gala', '2024-12-18', '19:00:00', '2024-12-18', '22:00:00', 250, 'Grand Ballroom', 'A formal gala event to raise funds for local charities and nonprofit organizations.', 'http://example.com/fundraising-gala'),
(3, 'International Food Festival', '2024-10-08', '12:00:00', '2024-10-08', '20:00:00', 2000, 'Central Park', 'A festival featuring food from various cultures around the world, with live cooking demos and tastings.', 'http://example.com/food-festival'),
(4, 'Photography Workshop', '2024-11-02', '10:00:00', '2024-11-02', '15:00:00', 50, 'Photo Studio Hall', 'A hands-on workshop for aspiring photographers to learn techniques from professionals.', 'http://example.com/photo-workshop'),
(5, 'Cultural Heritage Parade', '2024-09-25', '09:00:00', '2024-09-25', '12:00:00', 7000, 'Heritage Avenue', 'An annual parade celebrating the cultural heritage and traditions of various communities.', 'http://example.com/heritage-parade'),
(8, 'Local Authors Book Reading', '2024-10-03', '16:00:00', '2024-10-03', '18:00:00', 100, 'City Bookstore', 'A reading event featuring local authors presenting their latest works.', 'http://example.com/book-reading'),

(17, 'Entrepreneur Networking Event', '2024-12-01', '14:00:00', '2024-12-01', '18:00:00', 200, 'Business Hub', 'A networking event for entrepreneurs and business owners to connect and share ideas.', 'http://example.com/entrepreneur-networking'),
(3, 'Classical Music Concert', '2024-11-28', '19:00:00', '2024-11-28', '21:00:00', 500, 'Opera Hall', 'A concert featuring performances by world-renowned classical musicians.', 'http://example.com/classical-concert'),
(12, 'Innovation & Tech Meetup', '2024-10-21', '18:00:00', '2024-10-21', '20:00:00', 100, 'Innovation Lab', 'A casual meetup for tech enthusiasts to discuss the latest in innovation and technology.', 'http://example.com/tech-meetup'),
(13, 'Fashion Designers Presentation', '2024-09-27', '13:00:00', '2024-09-27', '16:00:00', 250, 'Fashion Expo Center', 'A presentation by emerging fashion designers showcasing their latest collections.', 'http://example.com/fashion-presentation'),
(4, 'Cybersecurity Conference', '2024-10-28', '09:00:00', '2024-10-29', '17:00:00', 400, 'Tech Pavilion', 'A conference focused on the latest trends and threats in cybersecurity.', 'http://example.com/cybersecurity-conference'),

(3, 'Youth Poetry Slam', '2024-09-19', '18:00:00', '2024-09-19', '21:00:00', 100, 'Art Café', 'An open mic poetry competition for young poets to share their work.', 'http://example.com/poetry-slam'),
(5, 'Gaming Convention', '2024-11-12', '10:00:00', '2024-11-12', '19:00:00', 1500, 'Gaming Expo Hall', 'A convention for gamers and developers to explore the latest in the gaming industry.', 'http://example.com/gaming-convention'),
(12, 'Dance Competition Finals', '2024-10-05', '14:00:00', '2024-10-05', '20:00:00', 350, 'Dance Arena', 'The final round of the national dance competition featuring top dancers from across the country.', 'http://example.com/dance-finals'),
(17, 'Startup Workshop', '2024-11-06', '09:00:00', '2024-11-06', '17:00:00', 100, 'Startup Hub', 'A full-day workshop for aspiring entrepreneurs to learn how to start and grow their businesses.', 'http://example.com/start-up');


INSERT INTO audience_types (name, description) VALUES
('Profesionales', 'Events designed for professionals in various industries including tech, healthcare, and business.'),
('Médicos', 'Professionals in the healthcare industry.'),
('Científicos', 'People interested in science.'),
('Desarrolladores ', 'People interested in software development and related.'),
('Estudiantes', 'Events catered to students, including educational workshops, competitions, and conferences.'),

('Familias', 'Family-friendly events including festivals, parades, and cultural celebrations.'),
('Gamers', 'Events focused on gaming, including eSports tournaments, conventions, and meetups.'),
('Lectores', 'People focused on reading and meetups'),
('Artistas', 'Events targeting visual artists, designers, and creative individuals.'),
('Atletas', 'Events specifically for athletes and sports enthusiasts, including tournaments and competitions.'),

('Musicos', 'Concerts and festivals targeting audiences with a passion for live music and performances.'),
('Voluntarios', 'Events focused on people interested in volunteering.'),
('Emprendedores', 'Events focused on startups, business development, and networking for aspiring entrepreneurs.');

INSERT INTO post_audience(post_id, audience_type_id) VALUES 
(1, 1), (1, 3), (2, 11), (2, 5), (3, 10), (4, 13), (5, 9), (6, 2), (7, 6), (8, 5), (8, 1), (9, 6),
(10, 5), (11, 5), (12, 12), (13, 1), (13, 3), (13, 4), (14, 10), (15, 8), (15, 5), (16, 12),
(17, 12), (18, 1), (18, 3), (18, 5), (19, 10), (20, 8), (21, 12), (22, 6), (23, 9), (23, 5),
(24, 6), (25, 8), (26, 7), (27, 7), (27, 5), (28, 9), (29, 13);


INSERT INTO categories (name, description) VALUES
('Tecnología', 'Events focused on advancements in technology, software development, and innovation.'),
('Ciencia', 'Events related to scientific study'),
('Educación', 'Academic activities.'),
('Arte', 'Exhibitions, workshops, and presentations focused on visual arts, fashion, and design.'),
('Música', 'Concerts, festivals, and events showcasing live music performances.'),

('Cine', 'Events focusing on cinema and acting'),
('Cultura', 'Parades, festivals, and events that celebrate cultural diversity and heritage.'),
('Deportes', 'Competitions and tournaments for various sports including basketball, football, and eSports.'),
('Entretenimiento', 'General category for any entertainment focused activity'),
('Salud', 'Events focused on health, fitness, mental well-being, and medical advancements.'),

('Comidas', 'Festivals, workshops, and events celebrating culinary arts.'),
('Emprendimiento', 'Conferences, workshops, and networking events related to business and startups.'),
('Medio Ambiente', 'Activities related to natural environments'),
('Sociedad', 'Local events of interest to the community'),
('Ventas', 'Sales and business-related events');

INSERT INTO post_cat(post_id, category_id) VALUES 
(1, 1), (1, 12), (2, 4), (2, 5), (3, 8), (4, 12), (5, 4), (6, 10), (6, 3), (7, 14), (8, 5), (8, 9), (9, 6), (9, 14),
(10, 4), (10, 6), (10, 9), (11, 8), (11, 9), (12, 13), (12, 14), (13, 1), (13, 2), (14, 8), (14, 9), (15, 4), (15, 7),
(16, 14), (17, 11), (17, 15), (18, 4), (19, 7), (19,14), (20, 3), (21, 15), (21, 12), (22, 5), (22, 9), (23, 1), (23,12),
(24, 4), (25, 1), (25, 2), (26, 4), (27, 9), (27, 15), (28, 4), (29,12);


INSERT INTO notif_types (name, description) VALUES
('Validar_post_admin', 'Se le notifica a un administrador que se ha realizado una publicación y necesita ser aprobada'),
('Reporte_admin', 'Se le notifica a un administrador que una publicación ha sido reportada'),
('Reporte_publicador', 'Se le notifica a un publicador que una de sus publicaciones ha sido reportada'),
('Asistencia', 'Se le notifica a un usuario que se ha registrado su asistencia sobre una publicacion');



INSERT INTO report_types (name, description) VALUES
('Contenido Inapropiado', 'Reports regarding content that is offensive, inappropriate, or violates community guidelines.'),
('Error técnico', 'Reports related to technical problems or errors with the event platform or services.'),
('Spam', 'Reports concerning spam or promotional content unrelated to the event or platform.'),
('Acoso', 'Reports regarding any form of harassment or inappropriate behavior during the event.'),
('Information incorrecta', 'Reports of false or misleading information related to the event or its details.'),
('Preocupación por seguridad', 'Reports regarding potential security issues or threats during an event.'),
('Otro', 'General reports that do not fall under any specific category.');


INSERT INTO attendances (user_id, post_id) VALUES 
(15, 24), (10, 5), (16, 8), (15, 6), (8, 17), (14, 9), (8, 6), (6, 26), 
(20, 3), (3, 9), (24, 24), (11, 22), (18, 7), (22, 21), (15, 18), (4, 6), (22, 28), (3, 24), (16, 7),
(6, 12), (11, 20), (21, 3), (21, 12), (19, 3), (5, 26),
(3, 28), (15, 14), (12, 25), (16, 11), (20, 21), (18, 23), (9, 16), (5, 4), (19, 17), (8, 27), (13, 13), (20, 14), 
(15, 29), (12, 7), (13, 26), (24, 7), (10, 17), (14, 10), (21, 29), (6, 17), (21, 19), (22, 25), (12, 22), (13, 3),

(24, 22), (17, 16), (20, 25), (20, 6), (7, 11), (7, 21), (15, 16), (12, 16),
(20, 7), (5, 14), (8, 5), (20, 28), (15, 7), 
(13, 2), (8, 2), (12, 20), (24, 1), 
(6, 1), (9, 27), (17, 9), (21, 8), (21, 4), (12, 6), (15, 28), (4, 16),
(12, 2), (24, 19), (14, 25), (13, 28), (5, 6), 

(17, 17), (23, 23), (7, 26), (23, 4), (23, 14), (16, 9), (12, 14), (3, 26),
(2, 1), (14, 2), (8, 9), (24, 20), (10, 14), (23, 25), (17, 21), (6, 19), 
(13, 1), (8, 18), (14, 12), (15, 26), (11, 29), (3, 11), (4, 11), (4, 3), (24, 4),  
(8, 24), (13, 16), (21, 24), (16, 13), (23, 5),
(23, 24), (3, 17), (7, 6), (20, 15), (23, 21), (18, 10), (16, 28), (15, 5),

(9, 3), (12, 13), (7, 15), (14, 8), (9, 2), (11, 6), (3, 8), (24, 25), (15, 19), (17, 3),
(22, 4), (6, 3), (5, 18), (6, 7), (21, 28), (3, 18), (14, 20), (3, 1), (5, 22),
(13, 15), (8, 26), (10, 23), (14, 6), (10, 10), (11, 14), (24, 16), 
(7, 28), (5, 20), (3, 6), (14, 22), (10, 7), (6, 16), (8, 15), (9, 12), (16, 19), 
(6, 5), (13, 23), (16, 27), (6, 18), (24, 3), (3, 15),  (5, 2), 

(22, 23), (4, 12), (11, 12), (8, 10), (14, 13), (18, 15), (3, 2), (8, 1), 
(10, 21), (23, 20), (14, 16), (9, 15), (4, 22), (12, 26), 
(23, 28), (14, 23), (16, 3), (16, 22), (19, 7), (14, 17), (11, 23), (6, 10), (10, 11), 
(21, 26), (2, 19), (8, 4), (21, 13), (9, 13), (9, 9), (9, 8),  (22, 22), 
(10, 1), (7, 12), (24, 10), (21, 10), (21, 15), (8, 13), (13, 7),  

(19, 1), (8, 29), (7, 27), (17, 27), (13, 21), (17, 8), (10, 9), (21, 14), (19, 24), (11, 5), 
(13, 11), (18, 4), (23, 29), (9, 21), (7, 7), (8, 20), (3, 7), (7, 9), (15, 12), 
(4, 23), (17, 13), (20, 17), (12, 11), (17, 14), (16, 1), (5, 28), (12, 23), (6, 6), 
(22, 16), (17, 26), (22, 11), (22, 12), (1, 1), (4, 9), (8, 25), (12, 18), (24, 6), 
(12, 1), (13, 6), (23, 22), (7, 24), (9, 18), (21, 17), (14, 26), (19, 23), (3, 21), 

(6, 2), (7, 2), (12, 19), (10, 26), (14, 11), (15, 2), (11, 27), (23, 26), (11, 18), 
(22, 24), (20, 29), (20, 19), (13, 12), (16, 21), (12, 4), (23, 2), (14, 19),
(10, 22), (12, 27), (3, 12), (17, 20), (6, 13), (11, 11), (18, 9), (11, 17), (9, 11), (13, 14), (23, 18), (8, 28), 
(23, 12), (3, 27), (18, 18), (4, 14), (20, 20), (20, 2), (15, 15), (21, 25), (16, 24), 
(18, 17), (5, 11), (17, 1), (16, 29), (19, 29), (19, 4), (23, 15), (17, 23), (17, 24), 

(16, 14), (9, 5), (23, 1), (15, 9), (20, 9), (6, 22), (3, 25), 
(3, 10), (18, 19), (24, 27), (13, 5), (9, 17), (13, 22), 
(21, 21), (19, 15), (6, 23), (18, 6), (17, 18), (4, 4), (24, 21), (15, 8), 
(10, 24), (9, 28), (17, 28), (10, 25), (22, 18), (11, 25), (23, 11), (11, 21), 
(15, 3), (20, 27), (22, 14), (17, 10), (15, 25), (10, 19), (4, 7), 

(14, 29), (10, 27), (21, 9), (8, 12), (14, 28), (24, 23), (12, 24),  (18, 8), (18, 26), (24, 9), (14, 15), 
(7, 14), (5, 23), (6, 9), (8, 14), (24, 2), (4, 24), (3, 19), (6, 20), (19, 19), (3, 20), 
(2, 26), (6, 21), (22, 10), (17, 5), (6, 14), (19, 2), (13, 20), (16, 20), (21, 23), 
(16, 16), (7, 22), (11, 8), (8, 8), (17, 12), (13, 9), (20, 12), (17, 11), (16, 12), (4, 27), (4, 1), 
(15, 10), (24, 29), (11, 19), (6, 27), (4, 17), (19, 20), 

(15, 11), (4, 18), (22, 13),  (13, 4), (19, 22), 
(4, 10), (11, 24), (20, 11), (11, 9), (13, 27), (10, 28), (10, 20), (10, 4), (19, 8), 
(8, 11), (17, 19), (13, 24), (10, 6), (4, 15), 
(19, 14), (13, 17), (8, 3), (9, 22), (4, 5), (12, 9), 
(7, 13), (24, 15), (8, 22);